Номенклатура,Код,Период,ФактПродаж,Предсказание,Фактический заказ,Предсказанный заказ,SafetyStock
Сэндвич с индейкой 195г,Э5932748   ,2025-07-08 - 2025-07-14,4,12,4,17,5
"Мини пирожки ""Добрынинские"" с курицей 0,15 уп.",УПП98462855,2025-07-08 - 2025-07-14,2,9,0,13,4
Каша пшённая на молоке 300г БЗМЖ,УП-00001441,2025-07-08 - 2025-07-14,5,7,4,11,4
"Слоен.труб.с белк.кр. и ч/смор. дж. в уп. 0,105",УП-00004108,2025-07-08 - 2025-07-14,2,8,0,12,4
"Йогурт фруктовый с наполн.Клубника 300г мдж 3,5% БЗМЖ",Э5932638   ,2025-07-08 - 2025-07-14,4,8,3,11,3
Сэндвич с ветчиной и сыром 200г,УП-00004069,2025-07-08 - 2025-07-14,2,10,2,16,6
Шоколад Бабаевский с пом-слив нач 50 г,Э5934077   ,2025-07-08 - 2025-07-14,8,12,0,19,7
КОФЕ КАПУЧИНО 450  мл К,Э5571179   ,2025-07-08 - 2025-07-14,32,65,0,85,20
Самса из курицы 150г,УП-00003073,2025-07-08 - 2025-07-14,14,27,18,23,10
Печенье Туиль с кунжутом 160г,УП-00001371,2025-07-08 - 2025-07-14,3,9,0,13,4
Пирожное Мандарин в апельсине 105г,Э5929957   ,2025-07-08 - 2025-07-14,5,15,4,20,6
"Ночка 0,5кг",00000004095,2025-07-08 - 2025-07-14,1,8,0,13,5
Творог м.д.ж. 9% 350г БЗМЖ,РЭ-00000018,2025-07-08 - 2025-07-14,3,8,1,11,3
Козинаки Дети солнца 300гр,Э5433777   ,2025-07-08 - 2025-07-14,2,11,0,16,5
"Кекс ""Добрынинский"" 0,5 кг",УП-00001945,2025-07-08 - 2025-07-14,3,16,0,23,7
"Бисквитно-кремовый 0,5кг",00000004053,2025-07-08 - 2025-07-14,2,9,2,13,4
"Картошка медовая в уп. 0,24",УП-00004460,2025-07-08 - 2025-07-14,6,14,9,20,6
"Добрынинская птичка 0,9",УП-00003387,2025-07-08 - 2025-07-14,2,10,0,14,4
"Жев. рез. Орбит Белоснежный BUBBLEMINT13,6г",УП-00001829,2025-07-08 - 2025-07-14,1,11,0,16,5
КОФЕ АМЕРИКАНО 350  мл К,Э5571170   ,2025-07-08 - 2025-07-14,1,15,0,20,5
Воздушное с кремом в уп. 0.18,00000004009,2025-07-08 - 2025-07-14,4,11,4,15,4
КОФЕ КАПУЧИНО 350  мл К,Э5571172   ,2025-07-08 - 2025-07-14,46,82,0,114,32
Шоколадный батончик  Cadbury Wispa 36 г,Э5932936   ,2025-07-08 - 2025-07-14,4,15,0,20,5
"Малиновый 0,92",УПП98466147,2025-07-08 - 2025-07-14,1,8,1,11,3
"Наполеон с зав. кр.""Патиссьер"" 0.09",УПП98465608,2025-07-08 - 2025-07-14,3,12,0,18,6
"Шоколадная колбаса с орехом, 300 г",УП-00002923,2025-07-08 - 2025-07-14,5,12,0,16,4
Оладьи куриные с гречкой 250гр,УП-00003203,2025-07-08 - 2025-07-14,3,8,3,12,4
пирож. Миндальное 195гр.в уп.,10068878   ,2025-07-08 - 2025-07-14,6,18,12,26,8
Донат глазир.Карамель с начинкой со вкусом карамели 67г (не использовать),Э5930797   ,2025-07-08 - 2025-07-14,2,20,0,26,6
Колбаса Телячья вареная вес (порц. в/у) 15285,Э5899282   ,2025-07-08 - 2025-07-14,0,2,0,3,1
"Эльфи 2,0",УПП98464989,2025-07-08 - 2025-07-14,1,7,0,10,3
"Молоко питьевое пастер. 2,5% 900 мл БЗМЖ",УП-00004017,2025-07-08 - 2025-07-14,4,8,0,12,4
"Мини пирожное ""Ассорти"" (мед.-шок.) 0,345",УП-00005028,2025-07-08 - 2025-07-14,10,11,9,17,6
"Напиток ""VI FRESH"" Дюшес 0,5л",УП-00000865,2025-07-08 - 2025-07-14,4,8,0,12,4
"Домашний медовик 0,5",УП-00004087,2025-07-08 - 2025-07-14,1,7,0,11,4
Н-р конф Москва 200 г,Э5468085   ,2025-07-08 - 2025-07-14,1,9,0,13,4
"Смородинка 0,75",УП-00001553,2025-07-08 - 2025-07-14,2,8,0,11,3
Брауни  90 г,Э15686798  ,2025-07-08 - 2025-07-14,10,19,8,26,7
Йогурт термостатный Вишня-Брусника 160 г БЗМЖ,УП-00003381,2025-07-08 - 2025-07-14,2,9,0,13,4
"Мусс Три вкуса Добрынинский Де-Люкс 0,92",УП-00004203,2025-07-08 - 2025-07-14,1,7,0,11,4
Вода ARGIL AQUA без газ 1л,УП-00002567,2025-07-08 - 2025-07-14,7,12,0,18,6
Рулетики из ветчины с сыром и чесноком 180г,УП-00002396,2025-07-08 - 2025-07-14,4,8,3,12,4
Сироп МЯТА Барлайн 20 мл,Э5571321   ,2025-07-08 - 2025-07-14,5,14,0,21,7
Батончик Туррон с миндалем и кунжутом 50г,УП-00005034,2025-07-08 - 2025-07-14,2,11,16,17,6
Батончик Кит Кат из мол. шоколада с хрустящей вафлей 40г,УП-00003813,2025-07-08 - 2025-07-14,2,13,0,19,6
"Абрикосовый аромат 0,4кг",00000010568,2025-07-08 - 2025-07-14,1,8,0,12,4
Салат Витаминный с лимонной заправкой 150г,УП-00003746,2025-07-08 - 2025-07-14,3,12,4,17,5
Вода ARGIL AQUA газ 1л,УП-00002563,2025-07-08 - 2025-07-14,1,9,0,13,4
Пряник имбирный глаз.  АРБУЗ 40 г,Э5933576   ,2025-07-08 - 2025-07-14,1,7,0,11,4
Йогурт Греческий 6% (б/|наполнителя) 230 г п/стак БЗМЖ,Э5174223   ,2025-07-08 - 2025-07-14,1,8,1,11,3
Оладьи из брокколи 200 гр,Э5931024   ,2025-07-08 - 2025-07-14,1,8,0,11,3
"Колбаса  вареная ""Докторская"" в/с ( в синюге) , порц., в/у",Э5342698   ,2025-07-08 - 2025-07-14,0,2,0,3,1
"Белиссимо 0,9кг",Э154847    ,2025-07-08 - 2025-07-14,1,9,1,13,4
Тарт с творожно - банан. начинкой 95г,УПП98466552,2025-07-08 - 2025-07-14,23,17,15,3,9
Котлеты из индейки с гречкой с грибным соусом 250г,УП-00004150,2025-07-08 - 2025-07-14,3,7,3,10,3
Печенье Туиль Безе Ореховое 80г ПЭТ,Э5712114   ,2025-07-08 - 2025-07-14,3,9,6,14,5
"Йогурт фруктовый с наполн.Вишня 300г мдж 3,5% БЗМЖ",Э5932636   ,2025-07-08 - 2025-07-14,1,8,1,11,3
"Фламиш с ветчиной и сыром 0,11",УП-00004781,2025-07-08 - 2025-07-14,6,29,8,43,14
Айран «Турецкий» 2% 500г БЗМЖ,УП-00002714,2025-07-08 - 2025-07-14,4,8,1,12,4
Десерт панакота с манго 140г БЗМЖ,УП-00004772,2025-07-08 - 2025-07-14,2,8,2,12,4
Куропатка с апельсинами 450г,Э5629371   ,2025-07-08 - 2025-07-14,2,8,0,12,4
"Квас живой традиц. ""Натуральн. хозяйство"" 1л",Э15781919  ,2025-07-08 - 2025-07-14,5,10,0,15,5
пирож. Берлинское  400 г,Э5421234   ,2025-07-08 - 2025-07-14,3,11,0,16,5
Сироп ЛАВАНДА  Барлайн 20 мл,Э5571320   ,2025-07-08 - 2025-07-14,7,18,0,24,6
Оладьи из кабачков 200г,Э5931875   ,2025-07-08 - 2025-07-14,3,7,2,10,3
Клюква вяленая в крафт-коробке 150 г,УП-00001905,2025-07-08 - 2025-07-14,2,7,0,10,3
"ДЕНЬ Хлеб ""Тосканский"" на пшен закваске половинка",Э5501350   ,2025-07-08 - 2025-07-14,1,8,0,11,3
Напиток Добрый Кола 1 л,УП-00003622,2025-07-08 - 2025-07-14,4,10,0,14,4
"Добрынинская сказка 0,5",УП-00001122,2025-07-08 - 2025-07-14,4,11,0,16,5
Кутабы с зеленью и сыром 150г,Э5933251   ,2025-07-08 - 2025-07-14,2,7,1,11,4
Корзин.с кремом и завар.п/ф в уп. 0.3,Э15069023  ,2025-07-08 - 2025-07-14,4,10,4,14,4
"Добрынинская птичка с черносмор. джемом в уп. 0,21",УП-00004024,2025-07-08 - 2025-07-14,1,8,0,12,4
КОФЕ ЛАТТЕ 450 мл К,Э5571182   ,2025-07-08 - 2025-07-14,25,27,0,40,13
ЭЧ-ПОЧМАК С КУРИЦЕЙ 100г,Э5415131   ,2025-07-08 - 2025-07-14,20,30,24,41,11
"Грецкий орех с сол. карам. Добрынинский Де-Люкс 1,0",УП-00003078,2025-07-08 - 2025-07-14,1,8,0,11,3
КОФЕ КАПУЧИНО 250  мл К,Э5571159   ,2025-07-08 - 2025-07-14,42,67,0,92,25
"Мармелад желейный на палочке ""Мармики"" 50 г",Э5932931   ,2025-07-08 - 2025-07-14,3,12,0,18,6
Дет.игруш Фигурка + карамель в кор. HAPPY BOX ЧЕЛОВЕК ПАУК 18г,УП-00004481,2025-07-08 - 2025-07-14,2,7,0,10,3
Корзиночка  восточная 80г,УПП98465605,2025-07-08 - 2025-07-14,3,12,0,17,5
"ДЕНЬ Хлеб ""Сергиевский"" бездрож.0,9кг",Э5501344   ,2025-07-08 - 2025-07-14,2,7,0,7,3
Печенье Старорусское 300г,УП-00003788,2025-07-08 - 2025-07-14,5,11,0,17,6
"СЫРНИКИ творожные 0,33кг БЗМЖ",Э15728845  ,2025-07-08 - 2025-07-14,2,8,2,11,3
"Графские развалины 0,7",УПП98462531,2025-07-08 - 2025-07-14,1,8,0,12,4
Шоколад Бабаевский с нач Вишневый брауни и целым фундуком 165 г,Э5934409   ,2025-07-08 - 2025-07-14,1,8,0,12,4
"Напиток ""VI FRESH"" Барбарис 0,5л",УП-00000869,2025-07-08 - 2025-07-14,2,9,0,13,4
"Напиток ""VI FRESH"" Сливочный 0,5л",УП-00001193,2025-07-08 - 2025-07-14,2,8,0,12,4
Сырок творожный  глазир.с какао 26% Свитлогорье 50 гр БЗМЖ,Э5384050   ,2025-07-08 - 2025-07-14,3,14,0,20,6
Трюфель 0.5,00000004076,2025-07-08 - 2025-07-14,1,9,1,13,4
"Ватрушка сл. Добрынинская с твор. и вишн. нач. 0,1",УП-00002234,2025-07-08 - 2025-07-14,7,22,0,29,7
Блины - жюльен 210г,Э5679280   ,2025-07-08 - 2025-07-14,4,9,2,13,4
ПАКЕТ Добрынинский майка (белый) БОЛ.,УПП98466025,2025-07-08 - 2025-07-14,92,171,0,0,75
Печенье Морковное постное 250г,УП-00003370,2025-07-08 - 2025-07-14,10,18,14,26,8
"СЫРНИКИ твор.с Яблоком 0,34кг БЗМЖ",УП-00003161,2025-07-08 - 2025-07-14,2,7,2,10,3
"ДЕНЬ Хлеб ""Пушкинский"" ржано-пшеничный заварной бездр. Четвертинка",Э5654124   ,2025-07-08 - 2025-07-14,3,11,0,16,5
Запеканка с апельсиновыми цукатами  250г БЗМЖ,УП-00003077,2025-07-08 - 2025-07-14,4,8,0,12,4
КОФЕ РАФ КЛАССИЧЕСКИЙ  450  мл К,Э5571245   ,2025-07-08 - 2025-07-14,4,15,0,21,6
"Киевский 0,35",УПП98464207,2025-07-08 - 2025-07-14,1,9,2,13,4
Салат Винегрет 200г,УП-00003486,2025-07-08 - 2025-07-14,7,8,7,3,4
Паста Карбонара 300гр,УП-00002990,2025-07-08 - 2025-07-14,4,8,4,12,4
"Медовик 1,0",УП-00003390,2025-07-08 - 2025-07-14,1,8,1,12,4
"Воздушный полет 0,75",УП-00001126,2025-07-08 - 2025-07-14,2,8,0,12,4
Суфле(Пай)  молочн. с бисквитом в молоч. шоколаде 60г БЗМЖ,УП-00001470,2025-07-08 - 2025-07-14,2,11,0,16,5
Пирог с лимоном  120г,Э5932408   ,2025-07-08 - 2025-07-14,2,14,0,20,6
"Наполеон 0,83кг",11068985   ,2025-07-08 - 2025-07-14,2,11,2,17,6
"Добрынинский 0,9кг",00000004110,2025-07-08 - 2025-07-14,7,13,5,18,5
"Мини пирожки ""Добрынинские"" с капустой 0,15 уп.",УПП98462854,2025-07-08 - 2025-07-14,3,10,4,14,4
"Горячий шоколад 0,9",УП-00004055,2025-07-08 - 2025-07-14,2,8,1,12,4
Вост.слад. АССОРТИ АРАХИС 400гр,Э5412804   ,2025-07-08 - 2025-07-14,1,9,0,13,4
Печенье злаковое Демидовское с вишней 250 г,Э5932246   ,2025-07-08 - 2025-07-14,4,11,0,15,4
Баварские колбаски с макаронами и соусом 300 г,УП-00004437,2025-07-08 - 2025-07-14,2,7,2,10,3
Кефир 1 % пэт 900г БЗМЖ,УП-00003702,2025-07-08 - 2025-07-14,5,8,0,12,4
"ДЕНЬ Хлеб ""Сергиевский"" бездрож.половинка",Э5501346   ,2025-07-08 - 2025-07-14,1,10,0,15,5
"Корзиночки ассорти 0,128 мини (4шт.)",УПП98464697,2025-07-08 - 2025-07-14,4,11,2,16,5
"Апельсиновая карамель 0,48",УП-00002130,2025-07-08 - 2025-07-14,2,8,2,11,3
Сметана топленая 15% 250г БЗМЖ,Э5844647   ,2025-07-08 - 2025-07-14,3,7,2,10,3
Печенье злаковое Уральское 350 г,Э5932249   ,2025-07-08 - 2025-07-14,6,11,0,0,5
Конфеты КОКО 1 шт,Э5774375   ,2025-07-08 - 2025-07-14,21,34,15,0,15
"Мини пирожное ""Ассорти"" 0,573",00010067413,2025-07-08 - 2025-07-14,11,25,14,0,10
"Добрынинская птичка 0,45",УП-00003386,2025-07-08 - 2025-07-14,1,8,1,12,4
Мармелад  без сахара  с сухофруктами 170 г,Э5931804   ,2025-07-08 - 2025-07-14,1,9,0,13,4
Зельц  Немецкий в пузыре  450г,Э5878901   ,2025-07-08 - 2025-07-14,2,8,0,12,4
Вацлавский 0.9,00000004058,2025-07-08 - 2025-07-14,2,8,1,12,4
ЧАК-ЧАК Бахетле 250 г,УП-00001110,2025-07-08 - 2025-07-14,1,9,0,13,4
"Ореховая смесь ПРЕМИАЛЬНАЯ с манго, 100 гр.",УП-00002578,2025-07-08 - 2025-07-14,1,8,0,11,3
Салат Сельдь под шубой 200г,Э15823653  ,2025-07-08 - 2025-07-14,1,8,1,12,4
Альтернативное молоко Кокос-Банан 1 л,УП-00002026,2025-07-08 - 2025-07-14,1,8,4,11,3
Сэндвич-ролл Фьюжен 200г,УП-00004685,2025-07-08 - 2025-07-14,4,12,4,16,5
Салат Оливье с говядиной 250г ,УП-00004070,2025-07-08 - 2025-07-14,2,8,2,11,3
"Картошка глазированная в уп. 0,24",УП-00001867,2025-07-08 - 2025-07-14,8,20,4,29,9
Котлета по-киевски с картофельным пюре 250гр.,Э5679283   ,2025-07-08 - 2025-07-14,5,12,5,6,4
"Яблочный сок VI NATURE 0,75 л",УП-00003005,2025-07-08 - 2025-07-14,1,7,0,10,3
"Напиток ""VI FRESH"" Лимонад 0,5л",УП-00000867,2025-07-08 - 2025-07-14,4,8,0,12,4
ГОРЯЧИЙ ШОКОЛАД 350 мл К,Э5602266   ,2025-07-08 - 2025-07-14,1,12,0,17,5
Пряник имб. глаз. Машинка 40г,УП-00003682,2025-07-08 - 2025-07-14,1,7,0,11,4
"Сок IL PRIMO яблочный из зеленых яблок 0,2л стекло",УП-00004305,2025-07-08 - 2025-07-14,2,8,8,11,3
Пирожное Макарони 70 г,РЭ-00000025,2025-07-08 - 2025-07-14,8,13,8,19,6
"Печенье  ""Бакинское курабье"" 400г",00010067738,2025-07-08 - 2025-07-14,4,10,0,14,4
Печенье неглаз.Малиновый чизкейк FitnesShock DESSERT 35г,УП-00003845,2025-07-08 - 2025-07-14,2,8,0,13,5
Набор конфет Птичье Молоко РотФронт 200 г,00000004477,2025-07-08 - 2025-07-14,1,10,0,14,4
Йогурт термостатный Клубника 160 г БЗМЖ,УП-00003382,2025-07-08 - 2025-07-14,2,11,3,16,5
"Волшебный подарок 0,5",УП-00001120,2025-07-08 - 2025-07-14,4,8,2,12,4
Десерт панакота с голубикой и маком 140г БЗМЖ,УП-00004771,2025-07-08 - 2025-07-14,2,8,2,12,4
"Бисквитное со сливоч. кремом в уп. 0,225",УПП98465669,2025-07-08 - 2025-07-14,2,10,0,14,4
ДЕНЬ Хлеб Крестьянский с полбяной мукой  половинка,Э5750472   ,2025-07-08 - 2025-07-14,3,9,0,13,4
"Пирожки Добрынинские с мясом 0,07",УП-00002248,2025-07-08 - 2025-07-14,18,33,0,46,13
Хлеб Андреевский половинка,Э5935167   ,2025-07-08 - 2025-07-14,3,11,0,16,5
"Пирожное «Графские развалины» 0,045",УПП98465607,2025-07-08 - 2025-07-14,5,11,0,16,5
Сельдь Тихоокеанская филе с/с вак./уп 300 г,УП-00002717,2025-07-08 - 2025-07-14,2,13,0,19,6
Торт (Террин)  фисташковый с малиной 100г,Э5931768   ,2025-07-08 - 2025-07-14,4,15,4,20,5
"ДЕНЬ Хлеб ""Пушкинский"" ржано-пшеничный заварной бездр. половинка",Э5654122   ,2025-07-08 - 2025-07-14,1,8,0,11,3
Рулет с маком 80г,Э5932126   ,2025-07-08 - 2025-07-14,18,19,10,29,11
"Йогурт фруктовый с наполн.Малина 300г мдж 3,5% БЗМЖ",Э5932841   ,2025-07-08 - 2025-07-14,2,7,1,10,3
Салат Сельдь под шубой 250г,Э5930681   ,2025-07-08 - 2025-07-14,2,9,1,13,4
Сосиски Сливочные вес,Э5499803   ,2025-07-08 - 2025-07-14,1,4,0,6,2
Фрукт.леденцы Candy Lane фрукт.коктейль ж/б 200г,УП-00003274,2025-07-08 - 2025-07-14,2,9,0,13,4
"Восторг 0,9",УП-00004053,2025-07-08 - 2025-07-14,1,8,0,12,4
КОФЕ ЛАТТЕ  350  мл К,Э5571173   ,2025-07-08 - 2025-07-14,14,28,0,36,8
"Кольцо песочное с арахисом 0,05",УП-00000855,2025-07-08 - 2025-07-14,18,33,0,43,10
Шоколад Кр.Октябрь Аленка 90 г.,Э593467    ,2025-07-08 - 2025-07-14,1,8,0,12,4
"НОЧЬ Хлеб ""Орловский"" половинка",Э5505506   ,2025-07-08 - 2025-07-14,2,10,0,14,4
"Ватрушки сл. «Добрынинские» три сыра со шпинатом 0,3",УП-00001200,2025-07-08 - 2025-07-14,2,7,0,11,4
"Шоколадное драже ""Инжир в темном шоколаде"" (100 гр)",Э7-00000008,2025-07-08 - 2025-07-14,1,7,0,10,3
"Набор столовых приборов 2 (столовая ложка 180 черн, салфетка 24х24)",УП-00002844,2025-07-08 - 2025-07-14,1,9,0,14,5
Мармелад  без сахара со вкусом вишни 170 г,Э5931803   ,2025-07-08 - 2025-07-14,4,9,0,12,3
Прага 1.0,00000004068,2025-07-08 - 2025-07-14,4,10,0,14,4
Сметана мдж 15% 250г п\стак БЗМЖ,Э5181353   ,2025-07-08 - 2025-07-14,4,8,3,12,4
"Пирожное ""Песочная полоска с лимонной начинкой"" 0,075кг",Э5567909   ,2025-07-08 - 2025-07-14,9,14,6,22,8
"Мини пирожное ""Ассорти"" 0,354",УП-00002330,2025-07-08 - 2025-07-14,13,17,10,25,8
Филе куриное жаренное в яйце с рисом и овощами 250 гр,Э5931025   ,2025-07-08 - 2025-07-14,4,11,4,15,4
Пирожки Домашние с курицей 70г,УП-00004809,2025-07-08 - 2025-07-14,19,34,17,18,16
Мармелад без сахара с грецким орехом 170 г,Э5931805   ,2025-07-08 - 2025-07-14,4,9,0,14,5
Оладьи куриные 150гр,УП-00003288,2025-07-08 - 2025-07-14,2,7,2,10,3
"Мини-торт Москва 0,106",УП-00003972,2025-07-08 - 2025-07-14,2,9,0,13,4
"Гранатовый сок прямого отжима VI NATURE 0,75 л.",УП-00003456,2025-07-08 - 2025-07-14,1,7,0,10,3
"Абрикосовый аромат 0,8кг",00000004108,2025-07-08 - 2025-07-14,2,8,1,11,3
"Москва 0,5 (картон)",УП-00003942,2025-07-08 - 2025-07-14,2,8,2,11,3
ГОРЯЧИЙ ШОКОЛАД 450 мл К,Э5602285   ,2025-07-08 - 2025-07-14,4,11,0,16,5
Донат глазир. Ягодный микс с ягод. начинкой 70г,Э5930852   ,2025-07-08 - 2025-07-14,15,17,0,25,8
"Торт Ассорти 1,025",УПП98465825,2025-07-08 - 2025-07-14,1,9,0,13,4
Пикантная грудинка в/к вес,Э5750522   ,2025-07-08 - 2025-07-14,1,3,1,4,1
"Энерг.напиток RED  BULL ж/б 0,25 л",УП-00001738,2025-07-08 - 2025-07-14,3,10,0,14,4
Воздушное с кремом и лим. джемом в уп. 0.09,УП-00000995,2025-07-08 - 2025-07-14,1,8,0,12,4
Колбаса САЛЬЧИЧОН с/к нарезка 100г,Э5933896   ,2025-07-08 - 2025-07-14,1,8,0,12,4
Сырок творожный глазир.с ванилином 26% Свитлогорье 50 гр БЗМЖ,Э5384046   ,2025-07-08 - 2025-07-14,12,11,12,17,6
"Добрынинское лето уп. 0,225",УП-00002051,2025-07-08 - 2025-07-14,2,8,0,12,4
Онигири с креветкой 120г,УП-00002406,2025-07-08 - 2025-07-14,2,7,2,10,3
Каша рисовая на молоке 300г БЗМЖ,Э5931001   ,2025-07-08 - 2025-07-14,4,8,4,12,4
Конфеты Шоколад белый с фундуком Шоколадные пельмени 100г,УП-00003846,2025-07-08 - 2025-07-14,1,8,0,12,4
"Напиток Сенежская лимон +мята 1,0 л не газ",УП-00002629,2025-07-08 - 2025-07-14,10,12,6,17,5
Батончик глаз. Арахис-сол.карамель FitnesSHOCK 50г,Э5933661   ,2025-07-08 - 2025-07-14,1,9,0,13,4
Печенье Лимонное 300г,УП-00005141,2025-07-08 - 2025-07-14,2,7,2,7,3
"Ленинградский 0,4кг",00000004111,2025-07-08 - 2025-07-14,4,8,1,12,4
"Ассорти 4 вкуса 0,88",УП-00003694,2025-07-08 - 2025-07-14,1,7,1,11,4
Фетучини с курицей и грибами 300гр,УП-00003297,2025-07-08 - 2025-07-14,3,8,3,11,3
КОФЕ РАФ КЛАССИЧЕСКИЙ  350  мл К,Э5571236   ,2025-07-08 - 2025-07-14,3,14,0,18,4
"Медово-сметанный 0,95кг",Э154923    ,2025-07-08 - 2025-07-14,5,8,3,11,3
"Торт ""Манго-маракуйя"" 123 гр.",Э5219004   ,2025-07-08 - 2025-07-14,4,15,4,21,6
Печенье Туиль с апельсином и морковью 160г,УП-00003618,2025-07-08 - 2025-07-14,5,9,0,13,4
Вареники на пару с индейкой и капустой 230г,Э5934483   ,2025-07-08 - 2025-07-14,2,12,3,16,4
Воздушное с кремом в уп. 0.09,УПП98465381,2025-07-08 - 2025-07-14,2,10,0,14,4
Хумус рецепт из Иерусалима 200г,УП-00003771,2025-07-08 - 2025-07-14,2,8,0,12,4
"АШТАУ лечебно-столовая минеральная вода 0,5 л",УП-00003006,2025-07-08 - 2025-07-14,3,8,0,11,3
ПЕРЕМЯЧ С МЯСОМ 90г,Э5415137   ,2025-07-08 - 2025-07-14,22,33,22,45,12
"Тарталетка Лимонная 0,2",УП-00004312,2025-07-08 - 2025-07-14,1,9,0,13,4
Ромовая баба 150 г*,УП-00003045,2025-07-08 - 2025-07-14,11,21,16,28,7
Пирожки Домашние с яблоком 70г,УП-00004784,2025-07-08 - 2025-07-14,13,28,26,41,13
Жев.резинка WRIGLEY'S Spearmint пластинки 13г,УП-00001833,2025-07-08 - 2025-07-14,6,12,0,17,5
"Черный лес в упак.(3шт) 0,27",УПП98466216,2025-07-08 - 2025-07-14,2,8,0,12,4
Карамель леденцовая фигурная на палочке Петушок Смельчак 50г,УП-00003662,2025-07-08 - 2025-07-14,4,13,0,20,7
"Мини пирожки ""Добрынинские"" с мясом 0,15 уп.",УПП98462856,2025-07-08 - 2025-07-14,1,10,0,16,6
"Пирожное ""кольца с творогом"" (в сахарной пудре) 0,300кг",Э5591682   ,2025-07-08 - 2025-07-14,3,10,2,7,4
"Москва 0,5",УПП98463709,2025-07-08 - 2025-07-14,2,11,1,15,4
"НОЧЬ Хлеб ""Орловский"" 0,7",Э15069720  ,2025-07-08 - 2025-07-14,3,8,2,12,4
Прага 0.5,00000004067,2025-07-08 - 2025-07-14,1,8,0,12,4
Корзин.с белк. кремом в уп. 0.3,00000004029,2025-07-08 - 2025-07-14,8,13,8,0,6
"Напиток Сенежская лимон +мята 1,0 л газ",УП-00002630,2025-07-08 - 2025-07-14,9,10,0,15,5
"Креп де Пари карамельный 0,95",УП-00003310,2025-07-08 - 2025-07-14,1,7,0,10,3
"Корзиночки ассорти 0,256 мини (8шт.)",УПП98464654,2025-07-08 - 2025-07-14,2,10,0,14,4
"Ватрушки сл. «Добрынинские» с твор. и вишн. нач. 0,3",УП-00001198,2025-07-08 - 2025-07-14,2,8,3,0,4
"ДЕНЬ Хлеб ""Сергиевский"" бездрож.четвертинка",Э5501347   ,2025-07-08 - 2025-07-14,2,9,0,13,4
Корзиночка  восточная в уп. 0.16,УПП98465568,2025-07-08 - 2025-07-14,2,15,0,22,7
Суфле молоч. с ванилью в молоч.шоколаде.50гБЗМЖ,Э5925057   ,2025-07-08 - 2025-07-14,3,12,0,17,5
"Пирожное Сочинское с вишней 0,22",УП-00001100,2025-07-08 - 2025-07-14,1,8,0,12,4
Слоен.труб.с белк. кремом 0.05,УПП98465609,2025-07-08 - 2025-07-14,2,12,0,17,5
"Напиток Сенежская лимон-мята негазированный 0,44 л",УП-00003753,2025-07-08 - 2025-07-14,10,10,0,15,5
Тарт с вишнево-творожн. начинкой 95г,УПП98466361,2025-07-08 - 2025-07-14,23,30,0,41,11
ЭСПРЕССО ДВОЙНОЙ 60 мл К,Э5571120   ,2025-07-08 - 2025-07-14,14,22,0,32,10
ФЛЭТ УАЙТ 250  мл К,УП-00000923,2025-07-08 - 2025-07-14,34,27,0,42,15
Колбаса Импертино с/к вес,УП-00003612,2025-07-08 - 2025-07-14,0,2,0,2,0
"Ватрушка сл. Добрынинская три сыра со шпинатом 0,1",УП-00002238,2025-07-08 - 2025-07-14,8,18,0,25,7
Корзин. с белк. кремом 0.075,УПП98465603,2025-07-08 - 2025-07-14,2,14,0,20,6
Онигири Филадельфия 120г,УП-00002409,2025-07-08 - 2025-07-14,1,7,1,10,3
Кутабы  с зеленью 150г,Э5933892   ,2025-07-08 - 2025-07-14,2,8,1,11,3
"Напиток STARBAR CRAFT 0,33л малина,грейпфрут",УП-00002571,2025-07-08 - 2025-07-14,5,8,0,13,5
"Молоко пастер. 3,2 % пэт 900г БМЖ",УП-00003727,2025-07-08 - 2025-07-14,2,8,1,12,4
Колбаски с картофельным пюре 300 г,УП-00004336,2025-07-08 - 2025-07-14,3,10,2,13,5
Пирожные разные(корзиночки) 0.3,00000013500,2025-07-08 - 2025-07-14,3,10,0,15,5
Наполеон 0.415кг,УПП98463901,2025-07-08 - 2025-07-14,2,9,0,13,4
"Кефир 3,2% пэт 900г БЗМЖ",УП-00003716,2025-07-08 - 2025-07-14,2,8,0,12,4
Панакота шоколадная 180г,УП-00002589,2025-07-08 - 2025-07-14,1,8,0,12,4
Салат Мимоза 250г,УП-00004072,2025-07-08 - 2025-07-14,3,8,3,0,4
Салат Оливье с колбасой 200г,УП-00003620,2025-07-08 - 2025-07-14,7,11,7,8,5
"Сочник с творогом 0,08",УП-00002233,2025-07-08 - 2025-07-14,39,56,0,78,22
Каша овсяная на молоке 300г БЗМЖ,Э5932027   ,2025-07-08 - 2025-07-14,4,8,4,11,3
"Добрынинский с черн. смор. 0,85",УП-00002005,2025-07-08 - 2025-07-14,2,10,2,15,5
Вост.слад. ассорти ФИСТАШКИ 500гр,Э15575421  ,2025-07-08 - 2025-07-14,2,9,0,13,4
Пирожок с мясом(говядина) и рисом 80г,УП-00004806,2025-07-08 - 2025-07-14,9,20,12,30,10
Кебаб из говядины в лаваше 230г,УП-00002590,2025-07-08 - 2025-07-14,2,9,1,13,4
Говядина томленая с картофелем и прованскими травами 250г,УП-00004195,2025-07-08 - 2025-07-14,3,9,1,13,4
"Москва 0,85(коробка пластик)",УПП98463475,2025-07-08 - 2025-07-14,1,9,0,13,4
Зефир МОЛОЧНЫЙ в молоч.бельг.шокол.60г БЗМЖ,Э5930888   ,2025-07-08 - 2025-07-14,2,11,0,18,7
Десерт творожный с ягодами 180г БЗМЖ,УП-00002367,2025-07-08 - 2025-07-14,1,8,1,12,4
"Белиссимо 0,55",УП-00002941,2025-07-08 - 2025-07-14,1,7,0,10,3
Трубочка вафельная с молочным кремом 30г БЗМЖ,УП-00003602,2025-07-08 - 2025-07-14,2,11,0,17,6
Митболы с томатным соусом и спагетти 250г,УП-00003699,2025-07-08 - 2025-07-14,2,8,2,11,3
Картошка глазированная  0.08,УПП98465602,2025-07-08 - 2025-07-14,29,38,0,56,18
"Сочник с творогом 0,4",УП-00002126,2025-07-08 - 2025-07-14,3,10,8,0,4
"Мини-Штрудель с лимонной начинкой 0,200 кг",Э5483061   ,2025-07-08 - 2025-07-14,6,15,4,21,6
"Ватрушка сл. Добрынинская с твор. нач. и лим. 0,1",УП-00002235,2025-07-08 - 2025-07-14,6,22,0,30,8
Суфле йогуртовое с персиком и маракуйей 140 г БЗМЖ,Э5263491   ,2025-07-08 - 2025-07-14,1,8,0,12,4
"Чизкейк Добрынинский Де-Люкс 1,35",УП-00003303,2025-07-08 - 2025-07-14,1,7,0,10,3
Паштет с печенью индейки и грушей 160гр.,УП-00003600,2025-07-08 - 2025-07-14,1,8,0,11,3
"Пирожн. слоен. ""Аппетитный УГОЛОК"" с сах. посып., 210г",УП-00002480,2025-07-08 - 2025-07-14,5,11,4,16,5
"По-Киевски 0,6",УПП98466972,2025-07-08 - 2025-07-14,1,8,0,12,4
Сэндвич-ролл Цезарь 170г,УП-00004077,2025-07-08 - 2025-07-14,4,13,3,14,6
ЭЧ-ПОЧМАК с ИНДЕЙКОЙ 150г,УП-00003070,2025-07-08 - 2025-07-14,4,18,6,26,8
"Заварная трубочка-ассорти 0,195 в уп.",00000013598,2025-07-08 - 2025-07-14,6,12,5,18,6
Рулет Сочинский с орехом и изюмом 80г,Э5932125   ,2025-07-08 - 2025-07-14,15,19,10,29,10
Десерт творожный с манго-маракуйя 180г БЗМЖ,УП-00002333,2025-07-08 - 2025-07-14,3,8,2,12,4
"Пирожное Медовое 0,125",УП-00001274,2025-07-08 - 2025-07-14,1,9,0,13,4
Салат цезарь с курицей 200гр.,УП-00004037,2025-07-08 - 2025-07-14,5,10,0,14,4
Пирожки Домашние с зеленым луком и яйцом 70г,УП-00004783,2025-07-08 - 2025-07-14,26,38,19,57,19
"Чизкейк  ""New-York"" (классический) 113 гр.",Э5375797   ,2025-07-08 - 2025-07-14,2,14,0,20,6
"Напиток Добрый Кола 0,5 л",УП-00003623,2025-07-08 - 2025-07-14,3,10,0,14,4
КОФЕ АМЕРИКАНО 450  мл К,Э5571176   ,2025-07-08 - 2025-07-14,6,11,0,15,4
"Пирожное «Графские развалины» уп. 0,135",УПП98465224,2025-07-08 - 2025-07-14,1,10,0,14,4
Ролл с курицей 190г,Э5932749   ,2025-07-08 - 2025-07-14,5,11,8,14,5
"Рулетта меренговая с орехом и клюквой 0,25",УПП98464668,2025-07-08 - 2025-07-14,2,7,0,11,4
Драже грильяж в шок.глаз. 200г,УП-00004177,2025-07-08 - 2025-07-14,1,12,0,17,5
Шницель из свинины с рисом 250гр,УП-00003202,2025-07-08 - 2025-07-14,4,8,2,12,4
КОФЕ АМЕРИКАНО 250  мл К,Э5571140   ,2025-07-08 - 2025-07-14,17,30,0,38,8
Творожник с черникой 140 гр БЗМЖ,Э5442869   ,2025-07-08 - 2025-07-14,3,8,3,12,4
"Эклеры ""Добрынинские"" ассорти уп. 0,15",УП-00001866,2025-07-08 - 2025-07-14,2,13,6,18,5
"Наполеон с зав. кр.""Патиссьер"" упак.0,27",Э154686    ,2025-07-08 - 2025-07-14,2,11,0,15,4
"Вода ARGIL AQUA без газ 0,5л",УП-00002573,2025-07-08 - 2025-07-14,18,17,60,24,7
Сметана 20% 300г  БЗМЖ,УП-00004338,2025-07-08 - 2025-07-14,1,8,0,12,4
Десерт панакота с вишней и маком 140г БЗМЖ,УП-00004788,2025-07-08 - 2025-07-14,3,8,1,12,4
"Круассан ""Добрынинский"" с творожной начинкой 0,390 кг",Э5180426   ,2025-07-08 - 2025-07-14,2,10,0,15,5
"Мини пирожки ""Добрынинские"" с вишней 0,14 уп.",УПП98462859,2025-07-08 - 2025-07-14,3,9,4,13,4
Печенье Туиль с тыквенными семечками 160г,УП-00002609,2025-07-08 - 2025-07-14,2,13,0,18,5
Шаурма с говядиной 230г,УП-00002587,2025-07-08 - 2025-07-14,3,12,4,15,5
"Набор столовых приборов 2 (вилка 180 черн, салфетка 24х24)",УП-00002843,2025-07-08 - 2025-07-14,2,11,0,15,4
Медовый 1кг,Э15069671  ,2025-07-08 - 2025-07-14,2,10,4,14,4
Творог м.д.ж. 5% 350г БЗМЖ,РЭ-00000017,2025-07-08 - 2025-07-14,1,8,0,12,4
Печенье злаковое Демидовское с цукатами 250 г,Э5932247   ,2025-07-08 - 2025-07-14,3,10,0,0,4
Шоколад BUSHERON мол.с фисташк. 100г мет.кор. ,УП-00004587,2025-07-08 - 2025-07-14,1,7,0,11,4
"Морс из Лесных ягод VI NATURE ПЭТ 0,33",УП-00004814,2025-07-08 - 2025-07-14,1,8,0,12,4
Пирожки Домашние с капустой и томатом 70г,УП-00004838,2025-07-08 - 2025-07-14,23,34,18,48,14
Десерт творожный с вишней 180г,УП-00002334,2025-07-08 - 2025-07-14,3,8,1,12,4
ДЕНЬ Хлеб  Крестьянский с полбяной мукой  четвертинка,УП-00000139,2025-07-08 - 2025-07-14,2,9,0,13,4
Булочка Улитка немецкая с творогом и помадкой 110 гр,Э5397226   ,2025-07-08 - 2025-07-14,5,16,0,22,6
"Картошка глазированная  в уп.0.49(0,035х14)",Э15069670  ,2025-07-08 - 2025-07-14,7,15,12,22,7
"Вечерняя Прага 0,9кг",УПП154977  ,2025-07-08 - 2025-07-14,1,8,0,11,3
Сметана мдж 30% 330г стекл. БЗМЖ,Э15675447  ,2025-07-08 - 2025-07-14,1,8,1,11,3
"Кольцо песочное с арахисом 0,15",УПП98467057,2025-07-08 - 2025-07-14,3,11,0,0,4
Сэндвич с курицей 180г,УП-00004068,2025-07-08 - 2025-07-14,3,13,4,18,5
Батончик Туррон мягкий с миндалем 100г,УП-00003628,2025-07-08 - 2025-07-14,1,9,0,14,5
Пирожки Домашние с картошкой 70г,УП-00004808,2025-07-08 - 2025-07-14,20,31,18,41,10
Йогурт термостатный Манго-Маракуйя 160 г БЗМЖ,УП-00003379,2025-07-08 - 2025-07-14,1,10,0,14,4
Слоен.труб.с белк.кремом  в уп. 0.1,УПП98464328,2025-07-08 - 2025-07-14,2,12,0,0,5
"Нектар IL PRIMO вишневый 0,2л стекло",УП-00004306,2025-07-08 - 2025-07-14,2,7,0,10,3
Пряник имб. глаз. Панда 40г,УП-00003681,2025-07-08 - 2025-07-14,4,8,0,12,4
Ирис Чув Чав Гималайская соль 27г,УП-00002324,2025-07-08 - 2025-07-14,13,20,0,29,9
Колбаса Докторская вареная серв.нарезка 190г,УП-00004978,2025-07-08 - 2025-07-14,3,8,0,12,4
Трюфель 1.0,00000004077,2025-07-08 - 2025-07-14,4,8,0,12,4
ВОК гречневая лапша  с курицей 300гр,УП-00003096,2025-07-08 - 2025-07-14,3,11,3,16,5
Слоен.труб.с белк.кремом  в уп. 0.25,00000004040,2025-07-08 - 2025-07-14,2,12,3,19,7
Онигири Тунец  120г,УП-00002407,2025-07-08 - 2025-07-14,1,8,1,11,3
Мармелад жевательный Very Jelly Мишки 160 г,УП-00005118,2025-07-08 - 2025-07-14,2,9,0,13,4
"Напиток Сенежская с яблочным соком 0,5 л",УП-00003752,2025-07-08 - 2025-07-14,4,10,0,14,4
"ДЕНЬ Хлеб из 100 % ржаной муки ""Афанасьевский"" четвертинка",Э5501355   ,2025-07-08 - 2025-07-14,2,9,0,13,4
Картошка глазированная  в уп.0.400,00000004017,2025-07-08 - 2025-07-14,14,17,30,0,7
"Слоен.труб.с белк.кр. и вар. сгущ. в уп. 0,105",УП-00004116,2025-07-08 - 2025-07-14,3,8,0,12,4
Корзин.с кремом и завар.п/ф 0.075,УПП98465604,2025-07-08 - 2025-07-14,8,15,0,21,6
Десерт панакота с клубникой 140г БЗМЖ,УП-00004773,2025-07-08 - 2025-07-14,3,8,1,12,4
"Розовое озеро 0,46",УП-00003584,2025-07-08 - 2025-07-14,2,7,0,10,3
"Печенье сдоб. песоч. ""Олапетит"" с вишн. джемом, 250г",УП-00002479,2025-07-08 - 2025-07-14,7,10,1,15,5
Рулет куриный классический 400г,Э5629372   ,2025-07-08 - 2025-07-14,1,8,0,12,4
"Бенто Лаванда 0,27",УП-00002429,2025-07-08 - 2025-07-14,1,7,1,11,4
Омлет с ветчиной и сыром 140г,УП-00003696,2025-07-08 - 2025-07-14,5,10,0,15,5
"Молоко пастер. ЦЕЛЬНОЕ 3,4%-4,2% пэт900мл БЗМЖ",УП-00003680,2025-07-08 - 2025-07-14,3,8,2,11,3
Сосновый мармелад 110г.,УП-00002253,2025-07-08 - 2025-07-14,5,7,0,11,4
Корзин.с кремом и завар.п/ф в уп. 0.15,УП-00003886,2025-07-08 - 2025-07-14,1,8,0,12,4
Красный бархат со сливочно-твор. начинкой 240г,УПП98466363,2025-07-08 - 2025-07-14,7,12,6,17,5
"Каринка под можжевеловой ягодкой в/к, вес",Э5936764   ,2025-07-08 - 2025-07-14,1,3,0,4,1
КОФЕ ЛАТТЕ  350  мл  на овсяно-ванильном напитке,Э5932370   ,2025-07-08 - 2025-07-14,2,8,0,11,3
"Миндальный с сол. карам. 0,5",УП-00002673,2025-07-08 - 2025-07-14,1,7,0,10,3
Сушка Крошечная 200г,УП-00002724,2025-07-08 - 2025-07-14,1,9,0,13,4
Конфеты Помадка сливочная с цукатом 250г,УП-00004957,2025-07-08 - 2025-07-14,3,8,0,12,4
"Полянка 0,5кг",УПП98462783,2025-07-08 - 2025-07-14,1,8,0,12,4
"Детство 1,3",УП-00003918,2025-07-08 - 2025-07-14,2,7,0,10,3
Блинчики с курицей 210г,УП-00004370,2025-07-08 - 2025-07-14,3,7,3,10,3
"Графские развалины 0,35",УПП98464208,2025-07-08 - 2025-07-14,1,8,0,12,4
"Вода ARGIL AQUA газ 0,5л",УП-00002569,2025-07-08 - 2025-07-14,7,10,12,14,4
"Пирожное ""Песочная полоска с яблочной начинкой""  0,075кг",Э5567907   ,2025-07-08 - 2025-07-14,9,16,3,24,8
"Ряженка 4,0% 300 г БЗМЖ",УП-00004057,2025-07-08 - 2025-07-14,1,7,0,10,3
Куриное филе с помидорами под сыром с макаронами 250гр,УП-00003200,2025-07-08 - 2025-07-14,1,8,1,12,4
КОФЕ ЛАТТЕ 450 мл К на кокосовом напитке,Э5932367   ,2025-07-08 - 2025-07-14,1,7,0,10,3
Печенье песочное с предсказанием Удачи 35г,УП-00001858,2025-07-08 - 2025-07-14,2,8,0,12,4
"МАРМЕЛАД формовой Фруктовое Ассорти, вес",Э5529179   ,2025-07-08 - 2025-07-14,0,4,0,6,2
"Напиток Сенежская со вкусом персика 0,5 л",УП-00003751,2025-07-08 - 2025-07-14,6,9,0,13,4
Корзиночка любительская 0.075,УПП98465606,2025-07-08 - 2025-07-14,4,17,0,23,6
Киевский 0.8,УПП98465478,2025-07-08 - 2025-07-14,5,8,1,12,4
"Ватрушки сл. «Добрынинские» с твор. нач. и лим. 0,3",УП-00001199,2025-07-08 - 2025-07-14,1,8,0,12,4
"Напиток ""VI FRESH"" Тархун 0,5л",УП-00000864,2025-07-08 - 2025-07-14,6,10,0,14,4
"Нектар IL PRIMO манговый с мякотью 0,2л стекло",УП-00004307,2025-07-08 - 2025-07-14,1,8,0,11,3
Филе индейки в/к вес,УП-00004368,2025-07-08 - 2025-07-14,1,3,0,4,1
Козинаки из тыквенных семечек Каравайка 180г,УП-00001704,2025-07-08 - 2025-07-14,1,9,0,13,4
"Детство 0,9",УП-00003535,2025-07-08 - 2025-07-14,1,7,0,10,3
Колбаса Еврейская полусухая  вес (порц. в/у) 15284,Э5899283   ,2025-07-08 - 2025-07-14,0,2,0,3,1
"Мармелад ассорти ягодный жимолость, брусника, клюква 110г",УП-00004265,2025-07-08 - 2025-07-14,2,8,0,12,4
"Сырок творожный глазир.с ванилином ""36"" 26% 40 г БЗМЖ МК",УП-00002060,2025-07-08 - 2025-07-14,2,13,0,19,6
"Нагутская- 4 мин.природ. лечебн. стол. вода 0,5 л. стекло",УП-00004222,2025-07-08 - 2025-07-14,1,8,0,12,4
Батончик Отломи 45г,УП-00004730,2025-07-08 - 2025-07-14,7,11,0,19,8
"Морс клюквенный VI NATURE ПЭТ 0,33",УП-00004812,2025-07-08 - 2025-07-14,1,8,0,12,4
Перепелка с брусникой  450г,Э5878892   ,2025-07-08 - 2025-07-14,3,8,0,12,4
Космический 2.0,00000004248,2025-07-08 - 2025-07-14,1,6,1,9,3
"Креп де Пари клубничный 0,9",УП-00003259,2025-07-08 - 2025-07-14,1,7,0,10,3
Плов с курицей  250г,Э5933687   ,2025-07-08 - 2025-07-14,5,12,4,17,5
"Корз. с варен. сгущ. и минд. лепест в уп. 0,16",УПП98465569,2025-07-08 - 2025-07-14,1,11,3,17,6
"Апельсиновый сок VI NATURE 0,75 л",УП-00003001,2025-07-08 - 2025-07-14,2,8,0,11,3
Творожник с вишней 140 гр БЗМЖ,Э5442878   ,2025-07-08 - 2025-07-14,4,8,2,12,4
"Вода Боржоми 0,5 стекло",УП-00003748,2025-07-08 - 2025-07-14,6,9,0,13,4
Паннакота крем-брюле 180г БЗМЖ,УП-00003479,2025-07-08 - 2025-07-14,1,8,0,12,4
"Травяной чай Лесной букет, 50 г",УП-00000936,2025-07-08 - 2025-07-14,1,7,0,10,3
"Свеча для торта цифра ""1"" ободок цветной, МИКС",УПП98466844,2025-07-08 - 2025-07-14,1,8,0,12,4
Карамель с игрушкой HAPPY BOX Подводный мир пакет 18г,УП-00003799,2025-07-08 - 2025-07-14,1,9,0,13,4
"Иван-чай крупнолистовой классический, 40 г",УП-00000930,2025-07-08 - 2025-07-14,1,7,0,10,3
"Шоколад Добрынинский горький 70% какао с гранолой, малиной и миндалем 80г ",УП-00002992,2025-07-08 - 2025-07-14,1,9,0,13,4
Круассан миндальный 120г,Э5822874   ,2025-07-08 - 2025-07-14,4,13,5,11,6
"Рыжик 0,5",УП-00001900,2025-07-08 - 2025-07-14,1,7,0,10,3
Блинчики с творогом 210г,УП-00004369,2025-07-08 - 2025-07-14,4,8,2,12,4
"Шоколадное драже ""Вишня в шоколаде"" 100гр,",Э5932762   ,2025-07-08 - 2025-07-14,2,12,0,18,6
"СОК БЕРЕЗОВЫЙ с сахаром стерилиз., без консерв., 0,5 л ПЭТ",УП-00000908,2025-07-08 - 2025-07-14,4,9,0,13,4
"Шоколадное драже ""Марципан в шоколаде""микс шоколад 100г",УП-00004166,2025-07-08 - 2025-07-14,1,8,0,11,3
Шоколад Бабаевский с шоколадной нач 50 г,Э5934078   ,2025-07-08 - 2025-07-14,1,10,0,16,6
Пастилки с маршмеллоу KIDS Клубника+Банан 55г,УП-00004947,2025-07-08 - 2025-07-14,1,8,0,12,4
Печенье овсяное 150г,УП-00004706,2025-07-08 - 2025-07-14,3,7,0,10,3
Гусь с яблоками  450г,Э5629370   ,2025-07-08 - 2025-07-14,3,8,2,12,4
"Сок IL Primo Апельсин восстановленный 200 мл, ст.",УП-00003923,2025-07-08 - 2025-07-14,4,9,8,13,4
Вафли Голландские с молочной карамелью 150г,УП-00004700,2025-07-08 - 2025-07-14,1,8,0,12,4
Сало запеченное с можжевельником вес,Э5899536   ,2025-07-08 - 2025-07-14,0,3,0,4,1
"Свеча для торта цифра ""9"" ободок цветной, МИКС",УПП98466853,2025-07-08 - 2025-07-14,1,6,0,9,3
"Нагутская-17 мин.природ. лечебн. стол. вода 0,5 л. стекло",УП-00003377,2025-07-08 - 2025-07-14,1,7,0,10,3
"Московский в шоколаде 0,5",УП-00003717,2025-07-08 - 2025-07-14,1,7,0,10,3
Шаурма с курицей 230г,УП-00002588,2025-07-08 - 2025-07-14,2,14,2,19,5
ДОП. ШОТ.,Э5571272   ,2025-07-08 - 2025-07-14,5,15,0,21,6
"ДЕНЬ Пирог ""Невский"" в/с 200гр",Э5750477   ,2025-07-08 - 2025-07-14,3,11,4,0,4
Онигири  Угорь 120г,УП-00002408,2025-07-08 - 2025-07-14,2,7,2,10,3
"Свеча для торта цифра ""3"" ободок цветной, МИКС",УПП98466842,2025-07-08 - 2025-07-14,1,7,0,10,3
Йогурт термостатный Лесная ягода-Черная смородина 160 г БЗМЖ,УП-00003380,2025-07-08 - 2025-07-14,4,9,0,13,4
Москва 1кг (картон),Э5008156   ,2025-07-08 - 2025-07-14,1,8,0,12,4
"Вишневый сок VI NATURE 0,75 л",УП-00003004,2025-07-08 - 2025-07-14,1,8,0,11,3
Хот-дог Датский 135г,УП-00004443,2025-07-08 - 2025-07-14,2,8,1,11,3
"Пирожное ""Медовик"" 0,18",УП-00004461,2025-07-08 - 2025-07-14,5,11,4,16,5
"Творог из топлен. молока с вишней и семенами чиа 16,5% 300г БЗМЖ ",УП-00003713,2025-07-08 - 2025-07-14,2,8,1,11,3
"Мармелад Таежное ассорт сосновый, сосновый с шишкой, с ядром кедр. ореха, с клюквой 110г",УП-00004267,2025-07-08 - 2025-07-14,1,8,0,12,4
Сыр Швейцарский 200 г БЗМЖ,УП-00003062,2025-07-08 - 2025-07-14,1,7,0,11,4
Мармелад жел.форм. Цитрусовые дольки 250г,УП-00005117,2025-07-08 - 2025-07-14,2,7,0,7,3
"Шоколадное драже ""Апельсиновая цедра в темном шоколаде"" 100г",УП-00004167,2025-07-08 - 2025-07-14,1,8,0,11,3
"Напиток STARBAR CRAFT 0,33л черника,лимона,лаванда",УП-00002570,2025-07-08 - 2025-07-14,1,8,0,12,4
"Креп де Пари карамельный 1,0",УПП98463776,2025-07-08 - 2025-07-14,1,8,0,11,3
Батончик неглаз. Марципановый с апельсином 40гр,УП-00005085,2025-07-08 - 2025-07-14,3,8,0,12,4
Блинчики с мясом 210г,УП-00004371,2025-07-08 - 2025-07-14,5,8,3,11,3
"Травяной чай Облепиховый, 50 г",УП-00000935,2025-07-08 - 2025-07-14,1,7,0,10,3
"Иван-чай крупнолистовой с листьями и ягодами брусники, 40 г",УП-00000932,2025-07-08 - 2025-07-14,1,6,0,9,3
"Снежок 2,5 300г БЗМЖ",УП-00003714,2025-07-08 - 2025-07-14,1,7,0,10,3
Биточки по-белорусски с гречкой и овощами 250г,УП-00005174,2025-07-08 - 2025-07-14,2,8,1,11,4
"Мармелад из жимолости 110 г,",УП-00002254,2025-07-08 - 2025-07-14,8,8,0,12,4
Шоколадное яйцо с игрушкой MEGA SECRET PUSHEEN 20г,УП-00004934,2025-07-08 - 2025-07-14,2,11,0,17,6
Беляш Куряш 400г,УП-00004455,2025-07-08 - 2025-07-14,3,7,0,11,4
Шоколад Кр.Окт. Слава 75г,00000004430,2025-07-08 - 2025-07-14,2,10,0,14,4
"Квас живой традиц. ""Натуральн. хозяйство"" 0,5л",Э15781920  ,2025-07-08 - 2025-07-14,11,10,0,15,5
Салат Оливье  с курицей 200г,УП-00003963,2025-07-08 - 2025-07-14,2,7,0,11,4
Сметана 15% 300г  БЗМЖ,УП-00004339,2025-07-08 - 2025-07-14,3,8,0,12,4
Торт печеночный 300г,УП-00004600,2025-07-08 - 2025-07-14,1,7,1,10,3
"Квас Хлебный Лидский 1,5 л",УП-00004734,2025-07-08 - 2025-07-14,1,7,0,6,3
Суфле Original Pro молочное с ванилью в мол.шоколаде 30 г,УП-00005095,2025-07-08 - 2025-07-14,1,9,0,13,4
Заливное из индейки 300г,УП-00003083,2025-07-08 - 2025-07-14,1,7,0,10,3
"Травяной чай Липовый, 50 г",УП-00000937,2025-07-08 - 2025-07-14,1,8,0,11,3
"Шоколадное драже ""Лимон в шоколаде"" тёмн. шок. 100гр.",Э5932760   ,2025-07-08 - 2025-07-14,2,8,0,12,4
"Тарталетка Лимонная 0,1",УП-00004334,2025-07-08 - 2025-07-14,6,11,0,15,4
Биточки под томатным соусом с картофельным пюре 250г,УП-00005146,2025-07-08 - 2025-07-14,1,7,1,10,3
"Морс Малиновый с клюквой VI NATURE ПЭТ 0,33",УП-00004816,2025-07-08 - 2025-07-14,1,7,0,10,3
Печенье Мария 300г,УП-00005132,2025-07-08 - 2025-07-14,2,7,0,10,3
"Шоколад молочный ""Шоколад-открытка"" Ромашки 100г",УП-00004834,2025-07-08 - 2025-07-14,1,8,0,12,4
Сыр творожный с томатами Pretto 65% 140г БЗМЖ,УП-00004958,2025-07-08 - 2025-07-14,2,8,0,12,4
Батончик неглаз. Марципановый с мятой 40гр,УП-00005086,2025-07-08 - 2025-07-14,2,12,5,16,4
Сыр Пармезан 200г БЗМЖ,УП-00003215,2025-07-08 - 2025-07-14,1,7,0,10,3
Кофе Cafe Bourbon Original 100г стекло,Э15582325  ,2025-07-08 - 2025-07-14,1,8,0,11,3
"Шоколадное драже ""Ассорти микс шоколад"" 100г",УП-00004168,2025-07-08 - 2025-07-14,1,9,0,13,4
Печенье миндальное с французским шоколадом 150г,УП-00004681,2025-07-08 - 2025-07-14,2,8,0,11,3
Колбаса Ветчинно-рубленная в/к  вес ,УП-00001010,2025-07-08 - 2025-07-14,1,3,0,4,1
КОФЕ КАПУЧИНО 450  мл К на кокосовом напитке,Э5932365   ,2025-07-08 - 2025-07-14,1,8,0,11,3
Котлета куриная с картофельным пюре 250г,УП-00005154,2025-07-08 - 2025-07-14,3,9,2,14,5
